Species,p_obs,p_true,Observed,Mutation
Bacillus anthracis,0.56984,0.7440977783968243,0,rpoB_Q148R
Bacillus anthracis,0.40424,0.5342755436506538,0,rpoB_S531C
Bacillus anthracis,0.40544,0.5233194506591402,0,rpoB_D516E
Bacillus anthracis,0.42832,0.5133351443775068,0,rpoB_S531L
Bacillus anthracis,0.39752,0.49935934477300703,0,rpoB_V146F
Bacillus anthracis,0.4284,0.49909594199116447,0,rpoB_S522L
Bacillus anthracis,0.306,0.3876165383056344,0,rpoB_H526P
Bacillus anthracis,0.26048,0.33260465401352485,0,rpoB_I572L
Bacillus anthracis,0.24952,0.3112153262821792,0,rpoB_S531Y
Bacillus anthracis,0.25296,0.3091891363336349,0,rpoB_Q513P
Bacillus subtilis,0.49408,0.6530151904980087,0,rpoB_S531C
Bacillus subtilis,0.3892,0.5023577599559426,0,rpoB_D516E
Bacillus subtilis,0.42032,0.4896825544764852,0,rpoB_S522L
Bacillus subtilis,0.334,0.42648170470100316,0,rpoB_I572L
Bacillus subtilis,0.2988,0.39141916958353423,0,rpoB_I572M
Bacillus subtilis,0.31264,0.38213508690444176,0,rpoB_Q513P
Bacillus subtilis,0.30288,0.3702327400743204,0,rpoB_D516A
Bacillus subtilis,0.27856000000000003,0.3523578223031775,0,rpoB_S509P
Bacillus subtilis,0.276,0.3468382426862371,0,rpoB_R529C
Bacillus subtilis,0.276,0.3468382426862371,0,rpoB_R529S
Chlamydia trachomatis,0.54728,0.7146389024305313,0,rpoB_Q148R
Chlamydia trachomatis,0.45328,0.5990906848059775,0,rpoB_S531C
Chlamydia trachomatis,0.4536,0.585481705847933,0,rpoB_D516E
Chlamydia trachomatis,0.39728,0.5032428050263479,0,rpoB_H526P
Chlamydia trachomatis,0.41488,0.48334482822897834,0,rpoB_S522L
Chlamydia trachomatis,0.37536,0.47152224706680407,0,rpoB_V146F
Chlamydia trachomatis,0.34104,0.4313904068002429,0,rpoB_S509P
Chlamydia trachomatis,0.28624,0.35701456795050884,0,rpoB_S531Y
Chlamydia trachomatis,0.28024,0.3425581850185801,0,rpoB_D516A
Chlamydia trachomatis,0.26512,0.33186045638323175,0,rpoB_H526D
Deinococcus radiodurans,0.50216,0.6557211504979455,0,rpoB_Q148R
Deinococcus radiodurans,0.48176,0.6218290710081575,0,rpoB_D516E
Deinococcus radiodurans,0.50512,0.6174004449116288,0,rpoB_Q513P
Deinococcus radiodurans,0.45952,0.5488116565149886,0,rpoB_S522F
Deinococcus radiodurans,0.47056,0.5434220251293421,0,rpoB_S512P
Deinococcus radiodurans,0.41632,0.5231728159243993,0,rpoB_R529C
Deinococcus radiodurans,0.41632,0.5231728159243993,0,rpoB_R529S
Deinococcus radiodurans,0.43712,0.514578467565735,0,rpoB_S574F
Deinococcus radiodurans,0.40896,0.49722789611905455,0,rpoB_S509R
Deinococcus radiodurans,0.38752,0.4955625463566843,0,rpoB_Q148L
Enterococcus faecium,0.56792,0.7415906400167143,0,rpoB_Q148R
Enterococcus faecium,0.47968,0.6339830120184682,0,rpoB_S531C
Enterococcus faecium,0.48232,0.5619139933267471,0,rpoB_S522L
Enterococcus faecium,0.41968,0.5416996523594809,0,rpoB_D516E
Enterococcus faecium,0.37496,0.46767112352823786,0,rpoB_S531Y
Enterococcus faecium,0.30888,0.39440619445522707,0,rpoB_I572L
Enterococcus faecium,0.29832000000000003,0.39079038376894226,0,rpoB_I572M
Enterococcus faecium,0.30728,0.3862760215882806,0,rpoB_G534D
Enterococcus faecium,0.3152,0.38526413572249246,0,rpoB_Q513P
Enterococcus faecium,0.28536,0.3609593199757134,0,rpoB_S509P
Escherichia coli,0.64584,0.7894582436925485,0,rpoB_D516A
Escherichia coli,0.56144,0.710180125480672,0,rpoB_S509P
Escherichia coli,0.53504,0.7071511648398124,0,rpoB_S531C
Escherichia coli,0.53992,0.7050282053067761,0,rpoB_Q148R
Escherichia coli,0.51224,0.6710192618054538,0,rpoB_I572M
Escherichia coli,0.51008,0.6583829552886105,0,rpoB_D516E
Escherichia coli,0.56728,0.6529036501150937,0,rpoB_L511P
Escherichia coli,0.51256,0.6255308762509153,0,rpoB_I572S
Escherichia coli,0.51616,0.6076245008664205,0,rpoB_S574F
Escherichia coli,0.35432,0.4246472458812062,0,rpoB_S531L
Mycobacterium tuberculosis,0.55832,0.7290549481161641,0,rpoB_Q148R
Mycobacterium tuberculosis,0.53096,0.6669849006356304,0,rpoB_V146F
Mycobacterium tuberculosis,0.35856,0.46280934843217564,0,rpoB_D516E
Mycobacterium tuberculosis,0.34400000000000003,0.45062983379094973,0,rpoB_I572M
Mycobacterium tuberculosis,0.35528,0.4431251247256036,0,rpoB_S531Y
Mycobacterium tuberculosis,0.32208,0.41126116003023677,0,rpoB_I572L
Mycobacterium tuberculosis,0.27768,0.35124468731026104,0,rpoB_S509P
Mycobacterium tuberculosis,0.32272,0.3436335370658262,0,rpoB_S531F
Mycobacterium tuberculosis,0.30112,0.31659107525281605,0,rpoB_Q513R
Mycobacterium tuberculosis,0.2448,0.30773356575374605,0,rpoB_G534D
Pseudomonas aeruginosa,0.47608,0.5984713888237069,0,rpoB_G534D
Pseudomonas aeruginosa,0.4856,0.5935414476739922,0,rpoB_Q513P
Pseudomonas aeruginosa,0.4464,0.5847708075705813,0,rpoB_I572M
Pseudomonas aeruginosa,0.44632,0.5566753143085212,0,rpoB_S531Y
Pseudomonas aeruginosa,0.42056,0.5558453459274663,0,rpoB_S531C
Pseudomonas aeruginosa,0.40072,0.5068811981380288,0,rpoB_S509P
Pseudomonas aeruginosa,0.38192,0.47976283194734065,0,rpoB_V146F
Pseudomonas aeruginosa,0.37376,0.46968935357394187,0,rpoB_R529C
Pseudomonas aeruginosa,0.37376,0.46968935357394187,0,rpoB_R529S
Pseudomonas aeruginosa,0.36232,0.450534692862472,0,rpoB_I572F
Pseudomonas fluorescens,0.538,0.7025210669266663,0,rpoB_Q148R
Pseudomonas fluorescens,0.36936,0.46431564479903453,0,rpoB_G534D
Pseudomonas fluorescens,0.3512,0.42700126446843695,0,rpoB_S509R
Pseudomonas fluorescens,0.31568,0.41722764600148027,0,rpoB_S531C
Pseudomonas fluorescens,0.34008,0.41567457892292276,0,rpoB_Q513P
Pseudomonas fluorescens,0.35272000000000003,0.40595856626109833,0,rpoB_L511P
Pseudomonas fluorescens,0.29264,0.35771562683356156,0,rpoB_D516A
Pseudomonas fluorescens,0.27064,0.35453040179413553,0,rpoB_I572M
Pseudomonas fluorescens,0.3048,0.3439939006039205,0,rpoB_D516N
Pseudomonas fluorescens,0.272,0.3248536964051117,0,rpoB_S522F
Pseudomonas fulva,0.55064,0.7107355522665474,0,rpoB_D516E
Pseudomonas fulva,0.51264,0.6694059474893794,0,rpoB_Q148R
Pseudomonas fulva,0.47624,0.5821008629329943,0,rpoB_Q513P
Pseudomonas fulva,0.40696,0.506043272817707,0,rpoB_I572F
Pseudomonas fulva,0.39288,0.501665066296198,0,rpoB_I572L
Pseudomonas fulva,0.34456,0.4426440108939552,0,rpoB_H526Q
Pseudomonas fulva,0.33072,0.4371056990801114,0,rpoB_S531C
Pseudomonas fulva,0.33104,0.42333563518248546,0,rpoB_Q148L
Pseudomonas fulva,0.34368,0.4104621999283411,0,rpoB_S522F
Pseudomonas fulva,0.31832,0.39702654160846135,0,rpoB_S531Y
Pseudomonas mendocina,0.47824,0.6172856503631294,0,rpoB_D516E
Pseudomonas mendocina,0.46456000000000003,0.5669514278740542,0,rpoB_I572S
Pseudomonas mendocina,0.44744,0.546899063729924,0,rpoB_Q513P
Pseudomonas mendocina,0.45328,0.5336020492729602,0,rpoB_S574F
Pseudomonas mendocina,0.40272,0.5062518856223391,0,rpoB_G534D
Pseudomonas mendocina,0.34312,0.45349451943749336,0,rpoB_S531C
Pseudomonas mendocina,0.35344,0.4408301736180403,0,rpoB_S531Y
Pseudomonas mendocina,0.32032,0.4196097336044099,0,rpoB_I572M
Pseudomonas mendocina,0.35896,0.4145417590539542,0,rpoB_S512P
Pseudomonas mendocina,0.31904,0.4073794103826588,0,rpoB_I572L
Pseudomonas putida,0.59024,0.7707361236854934,0,rpoB_Q148R
Pseudomonas putida,0.4736,0.6112965958765015,0,rpoB_D516E
Pseudomonas putida,0.50048,0.6107883817427386,0,rpoB_I572S
Pseudomonas putida,0.45664,0.5319961973642515,0,rpoB_S522L
Pseudomonas putida,0.42024,0.5109425153195215,0,rpoB_S509R
Pseudomonas putida,0.40240000000000004,0.5058496195233146,0,rpoB_G534D
Pseudomonas putida,0.37,0.48468906541468426,0,rpoB_I572M
Pseudomonas putida,0.36192,0.47834208578578225,0,rpoB_S531C
Pseudomonas putida,0.3508,0.44793347906919734,0,rpoB_I572L
Pseudomonas putida,0.35104,0.44097178604627796,0,rpoB_V146F
Salmonella enterica,0.52256,0.6823594957866147,0,rpoB_Q148R
Salmonella enterica,0.50064,0.6392628761721862,0,rpoB_I572L
Salmonella enterica,0.49288,0.6361821498640415,0,rpoB_D516E
Salmonella enterica,0.32552,0.3792383544280202,0,rpoB_S522L
Staphylococcus aureus,0.52456,0.684971098265896,0,rpoB_Q148R
Staphylococcus aureus,0.46264,0.6114616008176788,0,rpoB_S531C
Staphylococcus aureus,0.45536,0.572017184634324,0,rpoB_V146F
Staphylococcus aureus,0.4112,0.5250577154881811,0,rpoB_I572L
Staphylococcus aureus,0.38768,0.46637634434472974,0,rpoB_L511R
Staphylococcus aureus,0.3684,0.46310884650196105,0,rpoB_G534D
Staphylococcus aureus,0.36288,0.44357520046939175,0,rpoB_D516A
Staphylococcus aureus,0.34896,0.44203486015403326,0,rpoB_H526P
Staphylococcus aureus,0.36088,0.4387705476121,0,rpoB_S509R
Staphylococcus aureus,0.35848,0.43816461730266215,0,rpoB_Q513P
Stutzerimonas stutzeri,0.54816,0.7157880075214151,0,rpoB_Q148R
Stutzerimonas stutzeri,0.4908,0.5777706622466662,0,rpoB_S574F
Stutzerimonas stutzeri,0.44376,0.5727807799538773,0,rpoB_D516E
Stutzerimonas stutzeri,0.43328,0.5446682980791794,0,rpoB_G534D
Stutzerimonas stutzeri,0.44208000000000003,0.5395167195508909,0,rpoB_I572S
Stutzerimonas stutzeri,0.38104,0.5036125894336164,0,rpoB_S531C
Stutzerimonas stutzeri,0.38536,0.4928003273741016,0,rpoB_Q148L
Stutzerimonas stutzeri,0.36984,0.4844794701431536,0,rpoB_I572M
Stutzerimonas stutzeri,0.36888,0.44849722789611907,0,rpoB_S509R
Stutzerimonas stutzeri,0.3236,0.4132020348540258,0,rpoB_I572L
Vibrio parahaemolyticus,0.51232,0.6689880910926944,0,rpoB_Q148R
Vibrio parahaemolyticus,0.47376,0.5519413946725819,0,rpoB_S522L
Vibrio parahaemolyticus,0.39672,0.5120641586066843,0,rpoB_D516E
Vibrio parahaemolyticus,0.37592000000000003,0.496845592640891,0,rpoB_S531C
Vibrio parahaemolyticus,0.4096,0.4908995030281724,0,rpoB_S531L
Vibrio parahaemolyticus,0.32568,0.4091148908373741,0,rpoB_V146F
Vibrio parahaemolyticus,0.29576,0.3776533801867326,0,rpoB_I572L
Vibrio parahaemolyticus,0.27792,0.35204702067288207,0,rpoB_H526P
Vibrio parahaemolyticus,0.26352,0.3452034122110205,0,rpoB_I572M
Vibrio parahaemolyticus,0.27224,0.33224310471076396,0,rpoB_I572S
